Primary Type,District,arrest_rate,total_cases
ARSON,1,0.2577,97
ARSON,2,0.1145,131
ARSON,3,0.13,223
ARSON,4,0.0757,383
ARSON,5,0.0625,320
ARSON,6,0.097,361
ARSON,7,0.0814,442
ARSON,8,0.0722,485
ARSON,9,0.0662,408
ARSON,10,0.0838,346
ARSON,11,0.0536,429
ARSON,12,0.0854,199
ARSON,14,0.1439,139
ARSON,15,0.0997,301
ARSON,16,0.1751,177
ARSON,17,0.1164,146
ARSON,18,0.2,75
ARSON,19,0.1866,134
ARSON,20,0.1923,52
ARSON,22,0.1087,138
ARSON,24,0.266,94
ARSON,25,0.0729,384
ASSAULT,1,0.1968,8887
ASSAULT,2,0.109,12091
ASSAULT,3,0.1454,14419
ASSAULT,4,0.1537,16849
ASSAULT,5,0.1756,12909
ASSAULT,6,0.1561,17697
ASSAULT,7,0.155,15089
ASSAULT,8,0.1371,15697
ASSAULT,9,0.155,12095
ASSAULT,10,0.1573,11692
ASSAULT,11,0.1375,15098
ASSAULT,12,0.1211,11300
ASSAULT,14,0.1727,6310
ASSAULT,15,0.16,10270
ASSAULT,16,0.1629,7209
ASSAULT,17,0.1302,5893
ASSAULT,18,0.1691,7263
ASSAULT,19,0.1695,7591
ASSAULT,20,0.166,4216
ASSAULT,22,0.1313,8172
ASSAULT,24,0.1555,6638
ASSAULT,25,0.1504,12703
ASSAULT,31,0.0714,14
BATTERY,-1,0.0,1
BATTERY,1,0.2361,19293
BATTERY,2,0.1644,25694
BATTERY,3,0.1837,33415
BATTERY,4,0.1929,35884
BATTERY,5,0.2019,27227
BATTERY,6,0.1977,39128
BATTERY,7,0.1742,35872
BATTERY,8,0.1932,33626
BATTERY,9,0.2051,26677
BATTERY,10,0.1968,30332
BATTERY,11,0.1605,39539
BATTERY,12,0.1681,23684
BATTERY,14,0.2225,14159
BATTERY,15,0.1803,27407
BATTERY,16,0.2155,16536
BATTERY,17,0.185,14080
BATTERY,18,0.2338,18750
BATTERY,19,0.2213,18702
BATTERY,20,0.2162,9789
BATTERY,22,0.1732,16834
BATTERY,24,0.2032,16759
BATTERY,25,0.2038,29755
BATTERY,31,0.375,16
BURGLARY,1,0.0972,2602
BURGLARY,2,0.0397,4808
BURGLARY,3,0.0342,7668
BURGLARY,4,0.0348,8170
BURGLARY,5,0.0322,5924
BURGLARY,6,0.0382,8347
BURGLARY,7,0.0445,5844
BURGLARY,8,0.0443,10560
BURGLARY,9,0.0657,6272
BURGLARY,10,0.0603,4046
BURGLARY,11,0.0451,4567
BURGLARY,12,0.0764,7291
BURGLARY,14,0.0492,5991
BURGLARY,15,0.0501,3216
BURGLARY,16,0.05,5378
BURGLARY,17,0.0379,4799
BURGLARY,18,0.0847,4061
BURGLARY,19,0.0731,7331
BURGLARY,20,0.0725,2620
BURGLARY,22,0.0538,4403
BURGLARY,24,0.0854,4320
BURGLARY,25,0.0631,6841
CONCEALED CARRY LICENSE VIOLATION,1,0.9531,64
CONCEALED CARRY LICENSE VIOLATION,2,0.9286,28
CONCEALED CARRY LICENSE VIOLATION,3,0.9333,45
CONCEALED CARRY LICENSE VIOLATION,4,0.9434,53
CONCEALED CARRY LICENSE VIOLATION,5,0.9365,63
CONCEALED CARRY LICENSE VIOLATION,6,0.9375,96
CONCEALED CARRY LICENSE VIOLATION,7,0.9704,135
CONCEALED CARRY LICENSE VIOLATION,8,0.9669,272
CONCEALED CARRY LICENSE VIOLATION,9,0.9783,46
CONCEALED CARRY LICENSE VIOLATION,10,0.981,105
CONCEALED CARRY LICENSE VIOLATION,11,0.9848,66
CONCEALED CARRY LICENSE VIOLATION,12,0.9747,79
CONCEALED CARRY LICENSE VIOLATION,14,0.96,25
CONCEALED CARRY LICENSE VIOLATION,15,1.0,16
CONCEALED CARRY LICENSE VIOLATION,16,0.9816,380
CONCEALED CARRY LICENSE VIOLATION,17,1.0,14
CONCEALED CARRY LICENSE VIOLATION,18,0.9286,42
CONCEALED CARRY LICENSE VIOLATION,19,0.9783,46
CONCEALED CARRY LICENSE VIOLATION,20,1.0,5
CONCEALED CARRY LICENSE VIOLATION,22,0.973,37
CONCEALED CARRY LICENSE VIOLATION,24,0.7,10
CONCEALED CARRY LICENSE VIOLATION,25,1.0,68
CONCEALED CARRY LICENSE VIOLATION,31,1.0,1
CRIM SEXUAL ASSAULT,1,0.0808,297
CRIM SEXUAL ASSAULT,2,0.0607,346
CRIM SEXUAL ASSAULT,3,0.0866,404
CRIM SEXUAL ASSAULT,4,0.1068,440
CRIM SEXUAL ASSAULT,5,0.1187,337
CRIM SEXUAL ASSAULT,6,0.0905,475
CRIM SEXUAL ASSAULT,7,0.0991,424
CRIM SEXUAL ASSAULT,8,0.1465,471
CRIM SEXUAL ASSAULT,9,0.1818,297
CRIM SEXUAL ASSAULT,10,0.0968,372
CRIM SEXUAL ASSAULT,11,0.0818,501
CRIM SEXUAL ASSAULT,12,0.0771,402
CRIM SEXUAL ASSAULT,14,0.1084,249
CRIM SEXUAL ASSAULT,15,0.1121,339
CRIM SEXUAL ASSAULT,16,0.148,223
CRIM SEXUAL ASSAULT,17,0.1009,228
CRIM SEXUAL ASSAULT,18,0.0484,455
CRIM SEXUAL ASSAULT,19,0.0655,473
CRIM SEXUAL ASSAULT,20,0.0599,217
CRIM SEXUAL ASSAULT,22,0.1038,212
CRIM SEXUAL ASSAULT,24,0.1019,265
CRIM SEXUAL ASSAULT,25,0.167,467
CRIM SEXUAL ASSAULT,31,0.0,1
CRIMINAL DAMAGE,1,0.0677,10310
CRIMINAL DAMAGE,2,0.0401,16164
CRIMINAL DAMAGE,3,0.0499,18430
CRIMINAL DAMAGE,4,0.0458,21974
CRIMINAL DAMAGE,5,0.0503,17308
CRIMINAL DAMAGE,6,0.0544,22467
CRIMINAL DAMAGE,7,0.0535,17337
CRIMINAL DAMAGE,8,0.0455,24736
CRIMINAL DAMAGE,9,0.0563,16563
CRIMINAL DAMAGE,10,0.0632,15259
CRIMINAL DAMAGE,11,0.0578,18053
CRIMINAL DAMAGE,12,0.0343,18323
CRIMINAL DAMAGE,14,0.0556,11933
CRIMINAL DAMAGE,15,0.057,12361
CRIMINAL DAMAGE,16,0.0479,11745
CRIMINAL DAMAGE,17,0.0404,10589
CRIMINAL DAMAGE,18,0.0545,10032
CRIMINAL DAMAGE,19,0.0521,13090
CRIMINAL DAMAGE,20,0.0588,5747
CRIMINAL DAMAGE,22,0.048,12090
CRIMINAL DAMAGE,24,0.0453,11144
CRIMINAL DAMAGE,25,0.0479,17449
CRIMINAL DAMAGE,31,0.0,10
CRIMINAL SEXUAL ASSAULT,1,0.0432,509
CRIMINAL SEXUAL ASSAULT,2,0.0481,520
CRIMINAL SEXUAL ASSAULT,3,0.0604,530
CRIMINAL SEXUAL ASSAULT,4,0.1109,568
CRIMINAL SEXUAL ASSAULT,5,0.112,384
CRIMINAL SEXUAL ASSAULT,6,0.0719,556
CRIMINAL SEXUAL ASSAULT,7,0.0645,512
CRIMINAL SEXUAL ASSAULT,8,0.0713,645
CRIMINAL SEXUAL ASSAULT,9,0.0682,440
CRIMINAL SEXUAL ASSAULT,10,0.0778,527
CRIMINAL SEXUAL ASSAULT,11,0.052,654
CRIMINAL SEXUAL ASSAULT,12,0.0606,627
CRIMINAL SEXUAL ASSAULT,14,0.071,324
CRIMINAL SEXUAL ASSAULT,15,0.0619,485
CRIMINAL SEXUAL ASSAULT,16,0.0948,306
CRIMINAL SEXUAL ASSAULT,17,0.0939,309
CRIMINAL SEXUAL ASSAULT,18,0.0298,973
CRIMINAL SEXUAL ASSAULT,19,0.0544,698
CRIMINAL SEXUAL ASSAULT,20,0.0389,334
CRIMINAL SEXUAL ASSAULT,22,0.0758,277
CRIMINAL SEXUAL ASSAULT,24,0.0616,406
CRIMINAL SEXUAL ASSAULT,25,0.0833,492
CRIMINAL TRESPASS,1,0.5908,5704
CRIMINAL TRESPASS,2,0.4392,2696
CRIMINAL TRESPASS,3,0.539,3154
CRIMINAL TRESPASS,4,0.4721,3459
CRIMINAL TRESPASS,5,0.5944,2764
CRIMINAL TRESPASS,6,0.5345,4082
CRIMINAL TRESPASS,7,0.5981,2712
CRIMINAL TRESPASS,8,0.4365,3395
CRIMINAL TRESPASS,9,0.4644,2571
CRIMINAL TRESPASS,10,0.6011,2429
CRIMINAL TRESPASS,11,0.5566,3403
CRIMINAL TRESPASS,12,0.4282,3559
CRIMINAL TRESPASS,14,0.4413,2162
CRIMINAL TRESPASS,15,0.5699,2097
CRIMINAL TRESPASS,16,0.554,3684
CRIMINAL TRESPASS,17,0.2525,1719
CRIMINAL TRESPASS,18,0.5171,4777
CRIMINAL TRESPASS,19,0.4043,4138
CRIMINAL TRESPASS,20,0.4066,1707
CRIMINAL TRESPASS,22,0.432,2257
CRIMINAL TRESPASS,24,0.4235,2496
CRIMINAL TRESPASS,25,0.4685,2615
CRIMINAL TRESPASS,31,0.6,5
DECEPTIVE PRACTICE,1,0.0757,18637
DECEPTIVE PRACTICE,2,0.0279,9536
DECEPTIVE PRACTICE,3,0.0323,7472
DECEPTIVE PRACTICE,4,0.0307,8925
DECEPTIVE PRACTICE,5,0.033,6242
DECEPTIVE PRACTICE,6,0.0508,9787
DECEPTIVE PRACTICE,7,0.0705,6068
DECEPTIVE PRACTICE,8,0.0289,14135
DECEPTIVE PRACTICE,9,0.0454,7783
DECEPTIVE PRACTICE,10,0.0506,5787
DECEPTIVE PRACTICE,11,0.1064,6721
DECEPTIVE PRACTICE,12,0.0308,11549
DECEPTIVE PRACTICE,14,0.0339,7690
DECEPTIVE PRACTICE,15,0.0295,5191
DECEPTIVE PRACTICE,16,0.0291,12251
DECEPTIVE PRACTICE,17,0.0265,6866
DECEPTIVE PRACTICE,18,0.0597,19110
DECEPTIVE PRACTICE,19,0.0319,16125
DECEPTIVE PRACTICE,20,0.0259,5840
DECEPTIVE PRACTICE,22,0.0273,8394
DECEPTIVE PRACTICE,24,0.0233,7769
DECEPTIVE PRACTICE,25,0.0266,10993
DECEPTIVE PRACTICE,31,0.5806,31
GAMBLING,1,1.0,14
GAMBLING,2,1.0,27
GAMBLING,3,1.0,68
GAMBLING,4,1.0,66
GAMBLING,5,1.0,55
GAMBLING,6,0.9875,80
GAMBLING,7,1.0,200
GAMBLING,8,1.0,105
GAMBLING,9,1.0,25
GAMBLING,10,0.9933,150
GAMBLING,11,1.0,379
GAMBLING,12,1.0,23
GAMBLING,14,0.75,4
GAMBLING,15,1.0,203
GAMBLING,16,1.0,10
GAMBLING,17,0.9375,16
GAMBLING,18,1.0,15
GAMBLING,19,1.0,6
GAMBLING,20,1.0,9
GAMBLING,22,1.0,20
GAMBLING,24,1.0,10
GAMBLING,25,1.0,38
HOMICIDE,1,0.5833,108
HOMICIDE,2,0.4404,302
HOMICIDE,3,0.4195,503
HOMICIDE,4,0.4197,517
HOMICIDE,5,0.3762,513
HOMICIDE,6,0.3373,673
HOMICIDE,7,0.3323,644
HOMICIDE,8,0.4516,434
HOMICIDE,9,0.389,455
HOMICIDE,10,0.3189,508
HOMICIDE,11,0.3224,884
HOMICIDE,12,0.3112,286
HOMICIDE,14,0.5586,111
HOMICIDE,15,0.3851,522
HOMICIDE,16,0.8696,69
HOMICIDE,17,0.6667,99
HOMICIDE,18,0.6118,85
HOMICIDE,19,0.527,74
HOMICIDE,20,0.5476,42
HOMICIDE,22,0.4024,246
HOMICIDE,24,0.5328,122
HOMICIDE,25,0.5191,314
HUMAN TRAFFICKING,1,0.4,5
HUMAN TRAFFICKING,2,0.0,8
HUMAN TRAFFICKING,3,0.0,8
HUMAN TRAFFICKING,4,0.1429,7
HUMAN TRAFFICKING,5,0.125,8
HUMAN TRAFFICKING,6,0.0,10
HUMAN TRAFFICKING,7,0.1818,11
HUMAN TRAFFICKING,8,0.0,4
HUMAN TRAFFICKING,9,0.0,7
HUMAN TRAFFICKING,10,0.0,8
HUMAN TRAFFICKING,11,0.0,11
HUMAN TRAFFICKING,12,0.0,9
HUMAN TRAFFICKING,14,0.0,1
HUMAN TRAFFICKING,15,0.2,10
HUMAN TRAFFICKING,16,0.2,5
HUMAN TRAFFICKING,17,0.5,4
HUMAN TRAFFICKING,18,0.0,3
HUMAN TRAFFICKING,19,0.5,2
HUMAN TRAFFICKING,22,0.0,4
HUMAN TRAFFICKING,24,0.0,1
HUMAN TRAFFICKING,25,0.0,8
INTERFERENCE WITH PUBLIC OFFICER,1,0.9274,468
INTERFERENCE WITH PUBLIC OFFICER,2,0.8908,348
INTERFERENCE WITH PUBLIC OFFICER,3,0.9397,580
INTERFERENCE WITH PUBLIC OFFICER,4,0.9605,860
INTERFERENCE WITH PUBLIC OFFICER,5,0.9561,843
INTERFERENCE WITH PUBLIC OFFICER,6,0.9135,971
INTERFERENCE WITH PUBLIC OFFICER,7,0.9296,1051
INTERFERENCE WITH PUBLIC OFFICER,8,0.9615,494
INTERFERENCE WITH PUBLIC OFFICER,9,0.95,540
INTERFERENCE WITH PUBLIC OFFICER,10,0.9551,557
INTERFERENCE WITH PUBLIC OFFICER,11,0.9395,1373
INTERFERENCE WITH PUBLIC OFFICER,12,0.9329,283
INTERFERENCE WITH PUBLIC OFFICER,14,0.9286,168
INTERFERENCE WITH PUBLIC OFFICER,15,0.9124,605
INTERFERENCE WITH PUBLIC OFFICER,16,0.8987,158
INTERFERENCE WITH PUBLIC OFFICER,17,0.8627,102
INTERFERENCE WITH PUBLIC OFFICER,18,0.9196,286
INTERFERENCE WITH PUBLIC OFFICER,19,0.8876,178
INTERFERENCE WITH PUBLIC OFFICER,20,0.8764,89
INTERFERENCE WITH PUBLIC OFFICER,22,0.9243,370
INTERFERENCE WITH PUBLIC OFFICER,24,0.8981,206
INTERFERENCE WITH PUBLIC OFFICER,25,0.9537,605
INTIMIDATION,1,0.1161,112
INTIMIDATION,2,0.0633,79
INTIMIDATION,3,0.0897,78
INTIMIDATION,4,0.0286,70
INTIMIDATION,5,0.1429,63
INTIMIDATION,6,0.0926,54
INTIMIDATION,7,0.0781,64
INTIMIDATION,8,0.0608,148
INTIMIDATION,9,0.0403,124
INTIMIDATION,10,0.1099,91
INTIMIDATION,11,0.1406,64
INTIMIDATION,12,0.0656,122
INTIMIDATION,14,0.0208,48
INTIMIDATION,15,0.1017,59
INTIMIDATION,16,0.0465,86
INTIMIDATION,17,0.0676,74
INTIMIDATION,18,0.0556,108
INTIMIDATION,19,0.0439,114
INTIMIDATION,20,0.0435,46
INTIMIDATION,22,0.1064,47
INTIMIDATION,24,0.0417,96
INTIMIDATION,25,0.0645,124
KIDNAPPING,1,0.0,44
KIDNAPPING,2,0.0694,72
KIDNAPPING,3,0.0714,98
KIDNAPPING,4,0.0403,149
KIDNAPPING,5,0.0463,108
KIDNAPPING,6,0.0709,141
KIDNAPPING,7,0.0708,113
KIDNAPPING,8,0.0625,160
KIDNAPPING,9,0.1124,89
KIDNAPPING,10,0.1333,60
KIDNAPPING,11,0.025,80
KIDNAPPING,12,0.0682,44
KIDNAPPING,14,0.1471,34
KIDNAPPING,15,0.05,60
KIDNAPPING,16,0.0708,113
KIDNAPPING,17,0.1463,41
KIDNAPPING,18,0.1273,55
KIDNAPPING,19,0.0732,41
KIDNAPPING,20,0.2308,26
KIDNAPPING,22,0.041,122
KIDNAPPING,24,0.1053,38
KIDNAPPING,25,0.0734,109
LIQUOR LAW VIOLATION,1,0.9612,129
LIQUOR LAW VIOLATION,2,1.0,50
LIQUOR LAW VIOLATION,3,0.92,50
LIQUOR LAW VIOLATION,4,1.0,142
LIQUOR LAW VIOLATION,5,1.0,47
LIQUOR LAW VIOLATION,6,1.0,62
LIQUOR LAW VIOLATION,7,0.9492,59
LIQUOR LAW VIOLATION,8,0.9699,133
LIQUOR LAW VIOLATION,9,0.9542,153
LIQUOR LAW VIOLATION,10,1.0,196
LIQUOR LAW VIOLATION,11,0.9717,106
LIQUOR LAW VIOLATION,12,0.9865,222
LIQUOR LAW VIOLATION,14,1.0,158
LIQUOR LAW VIOLATION,15,0.9592,49
LIQUOR LAW VIOLATION,16,0.9927,137
LIQUOR LAW VIOLATION,17,1.0,99
LIQUOR LAW VIOLATION,18,0.985,334
LIQUOR LAW VIOLATION,19,1.0,238
LIQUOR LAW VIOLATION,20,1.0,44
LIQUOR LAW VIOLATION,22,0.9857,70
LIQUOR LAW VIOLATION,24,1.0,86
LIQUOR LAW VIOLATION,25,0.9613,155
MOTOR VEHICLE THEFT,1,0.0344,6476
MOTOR VEHICLE THEFT,2,0.047,10655
MOTOR VEHICLE THEFT,3,0.0463,9093
MOTOR VEHICLE THEFT,4,0.0364,11025
MOTOR VEHICLE THEFT,5,0.0344,7412
MOTOR VEHICLE THEFT,6,0.0379,10880
MOTOR VEHICLE THEFT,7,0.0561,7377
MOTOR VEHICLE THEFT,8,0.0574,12546
MOTOR VEHICLE THEFT,9,0.058,7356
MOTOR VEHICLE THEFT,10,0.0781,6785
MOTOR VEHICLE THEFT,11,0.0684,9588
MOTOR VEHICLE THEFT,12,0.0359,11701
MOTOR VEHICLE THEFT,14,0.0477,6419
MOTOR VEHICLE THEFT,15,0.0592,6474
MOTOR VEHICLE THEFT,16,0.0511,5653
MOTOR VEHICLE THEFT,17,0.0447,5302
MOTOR VEHICLE THEFT,18,0.0514,5695
MOTOR VEHICLE THEFT,19,0.0378,6770
MOTOR VEHICLE THEFT,20,0.0444,2638
MOTOR VEHICLE THEFT,22,0.0385,6239
MOTOR VEHICLE THEFT,24,0.0382,5032
MOTOR VEHICLE THEFT,25,0.0541,10712
MOTOR VEHICLE THEFT,31,0.0,2
NARCOTICS,1,0.9581,2577
NARCOTICS,2,0.9912,3418
NARCOTICS,3,0.9876,4425
NARCOTICS,4,0.9957,6218
NARCOTICS,5,0.9965,4923
NARCOTICS,6,0.9952,7073
NARCOTICS,7,0.9931,9920
NARCOTICS,8,0.9913,6127
NARCOTICS,9,0.9924,5379
NARCOTICS,10,0.9944,12563
NARCOTICS,11,0.9975,40976
NARCOTICS,12,0.981,3478
NARCOTICS,14,0.98,1602
NARCOTICS,15,0.9968,12702
NARCOTICS,16,0.9867,3387
NARCOTICS,17,0.981,1734
NARCOTICS,18,0.9774,1948
NARCOTICS,19,0.9866,2022
NARCOTICS,20,0.988,1084
NARCOTICS,22,0.9953,2948
NARCOTICS,24,0.9806,1957
NARCOTICS,25,0.985,6804
NARCOTICS,31,1.0,2
NON-CRIMINAL,1,0.5,2
NON-CRIMINAL,3,1.0,1
NON-CRIMINAL,4,0.0,2
NON-CRIMINAL,5,0.0,3
NON-CRIMINAL,8,0.3333,3
NON-CRIMINAL,10,0.0,2
NON-CRIMINAL,12,0.5,2
NON-CRIMINAL,15,0.0,1
NON-CRIMINAL,16,0.0,1
NON-CRIMINAL,18,1.0,3
NON-CRIMINAL,22,0.0,3
NON-CRIMINAL,24,1.0,1
NON-CRIMINAL,25,0.5,2
OBSCENITY,1,0.5357,28
OBSCENITY,2,0.7073,41
OBSCENITY,3,0.7308,26
OBSCENITY,4,0.7568,37
OBSCENITY,5,0.65,20
OBSCENITY,6,0.5833,24
OBSCENITY,7,0.7059,17
OBSCENITY,8,0.6867,83
OBSCENITY,9,0.65,40
OBSCENITY,10,0.6333,30
OBSCENITY,11,0.7333,30
OBSCENITY,12,0.8056,36
OBSCENITY,14,0.4737,19
OBSCENITY,15,0.7895,19
OBSCENITY,16,0.75,48
OBSCENITY,17,0.76,25
OBSCENITY,18,0.6842,19
OBSCENITY,19,0.8108,37
OBSCENITY,20,0.9286,14
OBSCENITY,22,0.52,25
OBSCENITY,24,0.6897,29
OBSCENITY,25,0.5385,39
OFFENSE INVOLVING CHILDREN,1,0.1532,359
OFFENSE INVOLVING CHILDREN,2,0.092,1130
OFFENSE INVOLVING CHILDREN,3,0.1266,1580
OFFENSE INVOLVING CHILDREN,4,0.109,2138
OFFENSE INVOLVING CHILDREN,5,0.111,1486
OFFENSE INVOLVING CHILDREN,6,0.0942,1816
OFFENSE INVOLVING CHILDREN,7,0.1364,1503
OFFENSE INVOLVING CHILDREN,8,0.1227,2257
OFFENSE INVOLVING CHILDREN,9,0.1619,1458
OFFENSE INVOLVING CHILDREN,10,0.175,1423
OFFENSE INVOLVING CHILDREN,11,0.1749,1469
OFFENSE INVOLVING CHILDREN,12,0.1296,926
OFFENSE INVOLVING CHILDREN,14,0.1263,578
OFFENSE INVOLVING CHILDREN,15,0.1396,1017
OFFENSE INVOLVING CHILDREN,16,0.158,924
OFFENSE INVOLVING CHILDREN,17,0.1645,754
OFFENSE INVOLVING CHILDREN,18,0.1736,363
OFFENSE INVOLVING CHILDREN,19,0.1547,472
OFFENSE INVOLVING CHILDREN,20,0.1929,280
OFFENSE INVOLVING CHILDREN,22,0.0821,1267
OFFENSE INVOLVING CHILDREN,24,0.158,715
OFFENSE INVOLVING CHILDREN,25,0.1763,1991
OFFENSE INVOLVING CHILDREN,31,0.1,10
OTHER NARCOTIC VIOLATION,1,0.75,16
OTHER NARCOTIC VIOLATION,2,0.5,2
OTHER NARCOTIC VIOLATION,3,0.0,2
OTHER NARCOTIC VIOLATION,4,0.0,1
OTHER NARCOTIC VIOLATION,5,1.0,1
OTHER NARCOTIC VIOLATION,6,0.3333,3
OTHER NARCOTIC VIOLATION,7,1.0,1
OTHER NARCOTIC VIOLATION,8,0.5,2
OTHER NARCOTIC VIOLATION,9,1.0,1
OTHER NARCOTIC VIOLATION,11,0.25,4
OTHER NARCOTIC VIOLATION,12,1.0,3
OTHER NARCOTIC VIOLATION,14,1.0,1
OTHER NARCOTIC VIOLATION,15,0.0,1
OTHER NARCOTIC VIOLATION,16,0.5,8
OTHER NARCOTIC VIOLATION,17,0.2,5
OTHER NARCOTIC VIOLATION,18,0.8,5
OTHER NARCOTIC VIOLATION,19,0.7143,7
OTHER NARCOTIC VIOLATION,20,1.0,1
OTHER NARCOTIC VIOLATION,24,0.3333,3
OTHER NARCOTIC VIOLATION,25,0.5,4
OTHER OFFENSE,1,0.1121,6120
OTHER OFFENSE,2,0.124,9593
OTHER OFFENSE,3,0.1976,10997
OTHER OFFENSE,4,0.2431,13334
OTHER OFFENSE,5,0.2863,10612
OTHER OFFENSE,6,0.2292,12864
OTHER OFFENSE,7,0.3004,11171
OTHER OFFENSE,8,0.1529,14195
OTHER OFFENSE,9,0.2239,8675
OTHER OFFENSE,10,0.2617,8840
OTHER OFFENSE,11,0.2491,10767
OTHER OFFENSE,12,0.1296,7925
OTHER OFFENSE,14,0.201,5170
OTHER OFFENSE,15,0.1894,7805
OTHER OFFENSE,16,0.128,9025
OTHER OFFENSE,17,0.1437,5624
OTHER OFFENSE,18,0.0814,4916
OTHER OFFENSE,19,0.1016,6045
OTHER OFFENSE,20,0.1235,3248
OTHER OFFENSE,22,0.1992,8012
OTHER OFFENSE,24,0.1162,5953
OTHER OFFENSE,25,0.2298,13084
OTHER OFFENSE,31,0.125,8
PROSTITUTION,1,0.9886,88
PROSTITUTION,2,0.9636,110
PROSTITUTION,3,1.0,56
PROSTITUTION,4,1.0,112
PROSTITUTION,5,0.989,454
PROSTITUTION,6,0.9923,130
PROSTITUTION,7,0.9952,620
PROSTITUTION,8,0.9572,631
PROSTITUTION,9,0.9897,195
PROSTITUTION,10,1.0,38
PROSTITUTION,11,0.9994,3561
PROSTITUTION,12,0.9766,128
PROSTITUTION,14,1.0,25
PROSTITUTION,15,0.9941,169
PROSTITUTION,16,0.9762,42
PROSTITUTION,17,0.9853,68
PROSTITUTION,18,0.9471,170
PROSTITUTION,19,0.963,27
PROSTITUTION,20,1.0,8
PROSTITUTION,22,1.0,8
PROSTITUTION,24,1.0,65
PROSTITUTION,25,0.9981,536
PUBLIC INDECENCY,1,0.9412,17
PUBLIC INDECENCY,2,1.0,4
PUBLIC INDECENCY,3,1.0,1
PUBLIC INDECENCY,4,1.0,2
PUBLIC INDECENCY,5,1.0,4
PUBLIC INDECENCY,6,1.0,5
PUBLIC INDECENCY,7,1.0,5
PUBLIC INDECENCY,8,1.0,9
PUBLIC INDECENCY,9,1.0,4
PUBLIC INDECENCY,10,1.0,8
PUBLIC INDECENCY,11,1.0,2
PUBLIC INDECENCY,12,1.0,3
PUBLIC INDECENCY,14,1.0,5
PUBLIC INDECENCY,15,1.0,4
PUBLIC INDECENCY,16,1.0,2
PUBLIC INDECENCY,17,1.0,2
PUBLIC INDECENCY,18,1.0,10
PUBLIC INDECENCY,19,0.8889,9
PUBLIC INDECENCY,20,1.0,2
PUBLIC INDECENCY,22,1.0,4
PUBLIC INDECENCY,24,0.8333,6
PUBLIC INDECENCY,25,1.0,4
PUBLIC PEACE VIOLATION,1,0.5242,1158
PUBLIC PEACE VIOLATION,2,0.5833,636
PUBLIC PEACE VIOLATION,3,0.6632,766
PUBLIC PEACE VIOLATION,4,0.7685,903
PUBLIC PEACE VIOLATION,5,0.7451,659
PUBLIC PEACE VIOLATION,6,0.7573,989
PUBLIC PEACE VIOLATION,7,0.75,980
PUBLIC PEACE VIOLATION,8,0.6181,1139
PUBLIC PEACE VIOLATION,9,0.6657,682
PUBLIC PEACE VIOLATION,10,0.7791,1227
PUBLIC PEACE VIOLATION,11,0.6903,1608
PUBLIC PEACE VIOLATION,12,0.5171,702
PUBLIC PEACE VIOLATION,14,0.5658,380
PUBLIC PEACE VIOLATION,15,0.6566,795
PUBLIC PEACE VIOLATION,16,0.2527,637
PUBLIC PEACE VIOLATION,17,0.5326,291
PUBLIC PEACE VIOLATION,18,0.514,788
PUBLIC PEACE VIOLATION,19,0.5634,662
PUBLIC PEACE VIOLATION,20,0.536,222
PUBLIC PEACE VIOLATION,22,0.6357,442
PUBLIC PEACE VIOLATION,24,0.5897,312
PUBLIC PEACE VIOLATION,25,0.6184,828
RITUALISM,11,0.0,1
ROBBERY,1,0.1663,4786
ROBBERY,2,0.0577,5688
ROBBERY,3,0.0534,6026
ROBBERY,4,0.0613,5956
ROBBERY,5,0.0633,4109
ROBBERY,6,0.0539,7785
ROBBERY,7,0.0656,6004
ROBBERY,8,0.0851,6718
ROBBERY,9,0.0989,6076
ROBBERY,10,0.0794,5985
ROBBERY,11,0.0565,9491
ROBBERY,12,0.0795,6677
ROBBERY,14,0.0773,4267
ROBBERY,15,0.0707,5401
ROBBERY,16,0.124,1581
ROBBERY,17,0.0921,2714
ROBBERY,18,0.1078,4647
ROBBERY,19,0.1152,4454
ROBBERY,20,0.1295,1374
ROBBERY,22,0.0919,2806
ROBBERY,24,0.1251,3086
ROBBERY,25,0.065,6046
ROBBERY,31,0.0,1
SEX OFFENSE,1,0.209,713
SEX OFFENSE,2,0.1113,548
SEX OFFENSE,3,0.1157,562
SEX OFFENSE,4,0.1537,683
SEX OFFENSE,5,0.1127,497
SEX OFFENSE,6,0.1192,604
SEX OFFENSE,7,0.1192,562
SEX OFFENSE,8,0.1323,1028
SEX OFFENSE,9,0.1444,755
SEX OFFENSE,10,0.133,684
SEX OFFENSE,11,0.126,627
SEX OFFENSE,12,0.1157,769
SEX OFFENSE,14,0.125,560
SEX OFFENSE,15,0.1008,476
SEX OFFENSE,16,0.1452,620
SEX OFFENSE,17,0.1366,571
SEX OFFENSE,18,0.1304,713
SEX OFFENSE,19,0.1651,763
SEX OFFENSE,20,0.1527,393
SEX OFFENSE,22,0.1327,422
SEX OFFENSE,24,0.128,656
SEX OFFENSE,25,0.1696,920
SEX OFFENSE,31,0.25,4
STALKING,1,0.1006,179
STALKING,2,0.0988,253
STALKING,3,0.0303,198
STALKING,4,0.115,200
STALKING,5,0.0886,158
STALKING,6,0.0426,258
STALKING,7,0.071,155
STALKING,8,0.063,238
STALKING,9,0.0888,169
STALKING,10,0.0903,144
STALKING,11,0.0542,166
STALKING,12,0.0726,248
STALKING,14,0.1181,127
STALKING,15,0.117,94
STALKING,16,0.0928,194
STALKING,17,0.0982,112
STALKING,18,0.0885,192
STALKING,19,0.0867,173
STALKING,20,0.0946,74
STALKING,22,0.0826,109
STALKING,24,0.1374,131
STALKING,25,0.0877,171
THEFT,1,0.1353,66104
THEFT,2,0.0643,31106
THEFT,3,0.0532,23443
THEFT,4,0.0602,26809
THEFT,5,0.1107,19613
THEFT,6,0.1189,31784
THEFT,7,0.051,19995
THEFT,8,0.0763,37431
THEFT,9,0.0833,25522
THEFT,10,0.0766,19480
THEFT,11,0.0478,21350
THEFT,12,0.0574,49142
THEFT,14,0.0736,36742
THEFT,15,0.0494,14966
THEFT,16,0.0543,24887
THEFT,17,0.0906,24040
THEFT,18,0.1024,66596
THEFT,19,0.0737,53045
THEFT,20,0.0886,16142
THEFT,22,0.0819,18933
THEFT,24,0.0823,24754
THEFT,25,0.1329,30838
THEFT,31,0.1579,19
WEAPONS VIOLATION,1,0.8635,1539
WEAPONS VIOLATION,2,0.5909,3036
WEAPONS VIOLATION,3,0.6095,5058
WEAPONS VIOLATION,4,0.5866,5469
WEAPONS VIOLATION,5,0.6499,5587
WEAPONS VIOLATION,6,0.7145,6511
WEAPONS VIOLATION,7,0.7408,7288
WEAPONS VIOLATION,8,0.5621,4618
WEAPONS VIOLATION,9,0.5775,4440
WEAPONS VIOLATION,10,0.7177,5554
WEAPONS VIOLATION,11,0.7462,7089
WEAPONS VIOLATION,12,0.7112,1835
WEAPONS VIOLATION,14,0.5514,1148
WEAPONS VIOLATION,15,0.6658,3570
WEAPONS VIOLATION,16,0.6123,815
WEAPONS VIOLATION,17,0.4329,991
WEAPONS VIOLATION,18,0.9029,1771
WEAPONS VIOLATION,19,0.7256,645
WEAPONS VIOLATION,20,0.5963,322
WEAPONS VIOLATION,22,0.8301,2301
WEAPONS VIOLATION,24,0.6077,854
WEAPONS VIOLATION,25,0.6053,4051
